[
    {"title": "Choo Choo Rocket", "price": "49.99", "release":"2029-05-19"},
    {"title": "Meat Beat Music Mania", "price": "19.99", "release":"2029-09-04"},
    {"title": "Little Wicks", "price": "29.99", "release": "2029-10-30"},
    {"title": "Bulk Warriors", "price": "29.99", "release":"2029-11-03"},
    {"title": "Enter the Shrimp Dungeon", "price": "49.99", "release":"2029-11-25"},
    {"title": "Mo's Trials", "price": "79.99", "release":"2029-12-12"},
    {"title": "Persona: Adam & Branmuff", "price": "54.99", "release":"2030-01-01"},
    {"title": "Dark Bowls II", "price": "79.99", "release":"TBA"}
    
]
